Job Class,Percentage,Link
Management,6.1,https://www.indeed.com/career-advice/finding-a-job/getting-into-management
Business and Financial operations,5,https://www.reddit.com/r/FinancialCareers/comments/14zqn0b/people_who_worked_in_operations_what_do_you_do_now/
Computer and Mathematical,2.7,https://www.bls.gov/oes/current/oes150000.htm
Architecture and Engineering,1.7,https://www.ae.psu.edu/academics/what-is-architectural-engineering.aspx
"Life, Physical and Social Science",0.9,https://www.youtube.com/watch?v=VLF73jzILbo
Community and Social Service,1.6,https://www.socialworkers.org/Careers/NASW-Career-Center
Legal,0.8,https://www.learnhowtobecome.org/lawyer/
"Education, training and library",6.1,https://www.ala.org/educationcareers/libcareers/become
"Arts, design, entertainment, sports and media",1.7,https://www.onlinedegree.com/career/arts-design-entertainment/
Healthcare practioners and technical,5.5,https://www.bls.gov/oes/current/oes290000.htm
Healthcare support,2.8,https://healthcaresupport.com/looking-to-start-a-career-in-healthcare-become-a-triage-nurse/
Protective service,2.3,https://www.indeed.com/career-advice/finding-a-job/how-to-become-a-cps-worker
Food preparation and serving,8.3,https://www.reddit.com/r/Chefit/comments/150dhx0/comment/js2u83j/?utm_source=share&utm_medium=web3x&utm_name=web3xcss&utm_term=1&utm_content=share_button
Building and grounds cleaning and maintenance,3.7,https://www.onetonline.org/find/family?f=37
Personal care and service,4,https://www.personasupport.org/jobs-and-volunteering/current-vacancies/
Sales,10.2,https://www.reddit.com/r/sales/comments/f8q9r9/sdr_guide_how_to_become_a_slick_silvertongued/
Office and administrative support,15.1,https://www.bls.gov/ooh/office-and-administrative-support/
"Farming, fishing and forestry",0.6,https://www.farmers.gov/your-business/beginning-farmers
Construction and extraction,4.3,https://www.indeed.com/career-advice/finding-a-job/construction-job-with-no-experience
"Installation, maintenance and repair",3.8,https://www.ziprecruiter.com/t/Most-Popular-Types-Of-Installation-Technician-Jobs
Production,6.1,https://www.bls.gov/ooh/production/
Transportation and material moving,6.5,https://www.bls.gov/ooh/transportation-and-material-moving/
Total,99.8
